"UserPrincipalName";"Password"
"Al.Pacino@ThomasMoreStudent29.onmicrosoft.com";"Yoca8349"
"Marlon.Brando@ThomasMoreStudent29.onmicrosoft.com";"Qora7069"
"Robert.Duvall@ThomasMoreStudent29.onmicrosoft.com";"Qosu9842"
"Diane.Keaton@ThomasMoreStudent29.onmicrosoft.com";"Howa4252"
"James.Caan@ThomasMoreStudent29.onmicrosoft.com";"Rayo6223"
"Talia.Shire@ThomasMoreStudent29.onmicrosoft.com";"Tupa7217"
"John.Cazale@ThomasMoreStudent29.onmicrosoft.com";"Toza0083"
"Abe.Vigoda@ThomasMoreStudent29.onmicrosoft.com";"Tuha0116"
"Alex.Rocco@ThomasMoreStudent29.onmicrosoft.com";"Zoga7988"
"Richard.Bright@ThomasMoreStudent29.onmicrosoft.com";"Rapa1242"
"Joe.Spinell@ThomasMoreStudent29.onmicrosoft.com";"Nopa8107"
"Gianni.Russo@ThomasMoreStudent29.onmicrosoft.com";"Koqa0463"
"Al.Martino@ThomasMoreStudent29.onmicrosoft.com";"Fafo5791"
"Rudy.Bond@ThomasMoreStudent29.onmicrosoft.com";"Vomu2941"
"Franco.Citti@ThomasMoreStudent29.onmicrosoft.com";"Loka7364"
